graph_id,node_id,label,train_mask,val_mask,test_mask,feat_feature_00,feat_feature_01,feat_feature_02,feat_feature_03,feat_feature_04,X,Y,Z
0,0,0,True,False,False,0.0,0.0,0.0,1.0,0.0,45.644718,72.784206,129.275001
0,1,0,True,False,False,1.0,0.0,0.0,0.0,0.0,54.044719,65.984205,-0.739751
0,2,0,True,False,False,0.0,0.0,0.0,1.0,0.0,35.669717,81.359204,52.625
0,3,0,True,False,False,0.0,0.0,0.0,1.0,0.0,35.669718,81.359204,41.674999
0,4,0,True,False,False,0.0,0.0,0.0,1.0,0.0,71.019722,72.784206,89.125
0,5,0,True,False,False,0.0,0.0,0.0,1.0,0.0,45.644718,65.984205,45.325001
0,6,0,True,False,False,0.0,0.0,0.0,1.0,0.0,54.04472,72.784206,132.925003
0,7,0,True,False,False,0.0,0.0,0.0,1.0,0.0,45.644718,65.984205,52.625
0,8,0,True,False,False,0.0,0.0,0.0,1.0,0.0,62.444721,65.984205,100.075001
0,9,0,True,False,False,0.0,0.0,0.0,1.0,0.0,37.069717,65.984205,125.625
0,10,0,True,False,False,0.0,0.0,0.0,1.0,0.0,35.669717,81.359203,63.575001
0,11,0,True,False,False,0.0,0.0,0.0,1.0,0.0,71.019722,72.784206,85.475003
0,12,0,True,False,False,0.0,0.0,0.0,1.0,0.0,45.644718,72.784206,30.724999
0,13,0,True,False,False,0.0,0.0,0.0,1.0,0.0,71.019722,72.784207,63.575001
0,14,0,True,False,False,0.0,0.0,0.0,1.0,0.0,72.41972,81.359203,143.875
0,15,0,True,False,False,0.0,0.0,0.0,1.0,0.0,45.644718,72.784206,8.5
0,16,0,True,False,False,0.0,0.0,0.0,1.0,0.0,62.444721,65.984205,41.674999
0,17,0,True,False,False,0.0,0.0,0.0,1.0,0.0,54.04472,65.984205,89.125
0,18,0,True,False,False,0.0,0.0,0.0,0.0,1.0,62.44472,81.359204,78.474999
0,19,0,True,False,False,0.0,1.0,0.0,0.0,0.0,41.444719,70.359203,3.175
0,20,0,True,False,False,0.0,0.0,0.0,1.0,0.0,54.044719,65.984205,59.924999
0,21,0,True,False,False,1.0,0.0,0.0,0.0,0.0,28.319718,65.984205,-0.739751
0,22,0,True,False,False,0.0,0.0,0.0,1.0,0.0,62.444721,65.984205,103.725002
0,23,0,True,False,False,0.0,0.0,0.0,1.0,0.0,62.444721,72.784206,67.225002
0,24,0,True,False,False,0.0,0.0,0.0,1.0,0.0,72.41972,81.359204,34.375
0,25,0,True,False,False,0.0,0.0,0.0,1.0,0.0,62.444721,72.784206,8.5
0,26,0,True,False,False,0.0,0.0,0.0,1.0,0.0,54.044719,72.784206,45.325001
0,27,0,True,False,False,0.0,0.0,0.0,1.0,0.0,62.444721,72.784207,125.625
0,28,0,True,False,False,0.0,0.0,0.0,1.0,0.0,62.444721,65.984205,154.824997
0,29,0,True,False,False,0.0,0.0,0.0,1.0,0.0,37.069717,72.784206,118.325001
0,30,0,True,False,False,0.0,0.0,0.0,1.0,0.0,45.644718,65.984205,16.125
0,31,0,True,False,False,0.0,0.0,0.0,1.0,0.0,72.41972,81.359204,45.325001
0,32,0,True,False,False,0.0,0.0,0.0,1.0,0.0,35.669717,81.359203,147.525001
0,33,0,True,False,False,0.0,0.0,0.0,1.0,0.0,62.444721,65.984205,27.075
0,34,0,True,False,False,0.0,0.0,0.0,1.0,0.0,35.669717,81.359204,34.375
0,35,0,True,False,False,0.0,0.0,0.0,1.0,0.0,62.444721,65.984205,114.674999
0,36,0,True,False,False,0.0,0.0,0.0,1.0,0.0,37.069717,65.984205,27.075
0,37,0,True,False,False,0.0,0.0,0.0,1.0,0.0,71.019722,72.784206,111.024997
0,38,0,True,False,False,0.0,0.0,0.0,1.0,0.0,71.019722,72.784206,70.875
0,39,0,True,False,False,0.0,0.0,0.0,1.0,0.0,37.069717,65.984205,132.925003
0,40,0,True,False,False,0.0,0.0,0.0,1.0,0.0,62.444721,72.784206,114.674999
0,41,0,True,False,False,0.0,0.0,0.0,1.0,0.0,54.04472,72.784207,16.125001
0,42,0,True,False,False,0.0,0.0,0.0,1.0,0.0,54.04472,65.984205,67.225003
0,43,0,True,False,False,0.0,0.0,0.0,1.0,0.0,45.644718,72.784206,59.924999
0,44,0,True,False,False,0.0,0.0,0.0,1.0,0.0,54.044719,65.984205,38.024999
0,45,0,True,False,False,0.0,0.0,0.0,1.0,0.0,54.044719,72.784206,27.075
0,46,0,True,False,False,0.0,0.0,0.0,1.0,0.0,71.019722,65.984205,45.325001
0,47,0,True,False,False,0.0,0.0,0.0,1.0,0.0,54.044719,72.784206,129.275002
0,48,0,True,False,False,0.0,0.0,0.0,1.0,0.0,54.044719,72.784207,121.975003
0,49,0,True,False,False,1.0,0.0,0.0,0.0,0.0,37.069717,74.559204,-0.739751
0,50,0,True,False,False,0.0,0.0,0.0,1.0,0.0,45.644718,72.784206,121.975002
0,51,0,True,False,False,0.0,0.0,0.0,1.0,0.0,71.019722,72.784206,92.774997
0,52,0,True,False,False,1.0,0.0,0.0,0.0,0.0,71.019722,82.959202,-0.739751
0,53,0,True,False,False,0.0,0.0,0.0,1.0,0.0,62.444721,72.784207,70.875
0,54,0,True,False,False,0.0,0.0,0.0,1.0,0.0,35.669718,81.359204,136.574997
0,55,0,True,False,False,0.0,0.0,0.0,1.0,0.0,71.019722,72.784206,136.574997
0,56,0,True,False,False,0.0,0.0,0.0,1.0,0.0,45.644718,65.984205,111.024998
0,57,0,True,False,False,0.0,0.0,0.0,1.0,0.0,62.444721,65.984205,129.275002
0,58,0,True,False,False,0.0,0.0,0.0,1.0,0.0,71.019722,72.784206,56.274999
0,59,0,True,False,False,0.0,0.0,0.0,0.0,1.0,45.64472,81.359203,78.474998
0,60,0,True,False,False,0.0,0.0,0.0,1.0,0.0,45.644718,72.784206,23.425
0,61,0,True,False,False,0.0,0.0,0.0,1.0,0.0,45.644718,65.984205,121.975003
0,62,0,True,False,False,0.0,0.0,0.0,1.0,0.0,62.444721,72.784206,48.975
0,63,0,True,False,False,0.0,0.0,0.0,1.0,0.0,71.019722,65.984205,8.5
0,64,0,True,False,False,0.0,0.0,0.0,1.0,0.0,37.069717,65.984205,114.674999
0,65,0,True,False,False,0.0,0.0,0.0,1.0,0.0,54.044719,65.984205,121.975003
0,66,0,True,False,False,1.0,0.0,0.0,0.0,0.0,79.769722,65.984205,-0.739751
0,67,0,True,False,False,0.0,0.0,0.0,1.0,0.0,37.069717,65.984205,19.775001
0,68,0,True,False,False,0.0,0.0,0.0,1.0,0.0,54.044719,72.784206,111.024997
0,69,0,True,False,False,0.0,0.0,0.0,1.0,0.0,54.044719,72.784206,81.825001
0,70,0,True,False,False,0.0,0.0,0.0,1.0,0.0,45.644718,72.784206,114.674999
0,71,0,True,False,False,0.0,0.0,0.0,1.0,0.0,35.669718,81.359204,125.625
0,72,0,True,False,False,0.0,0.0,0.0,1.0,0.0,71.019722,72.784206,121.975003
0,73,0,True,False,False,0.0,0.0,0.0,1.0,0.0,37.069717,72.784206,70.875
0,74,0,True,False,False,0.0,0.0,0.0,1.0,0.0,45.644718,65.984205,67.225003
0,75,0,True,False,False,0.0,0.0,0.0,1.0,0.0,62.444721,72.784206,81.825001
0,76,0,True,False,False,0.0,0.0,0.0,1.0,0.0,62.444721,72.784206,56.274999
0,77,0,True,False,False,0.0,1.0,0.0,0.0,0.0,49.844718,70.359204,3.175
0,78,0,True,False,False,0.0,0.0,0.0,1.0,0.0,54.044719,65.984205,103.725002
0,79,0,True,False,False,0.0,0.0,0.0,1.0,0.0,35.669718,81.359203,143.875
0,80,0,True,False,False,0.0,0.0,0.0,1.0,0.0,72.41972,81.359203,140.224998
0,81,0,True,False,False,0.0,0.0,0.0,1.0,0.0,72.419719,81.359203,56.274999
0,82,0,True,False,False,0.0,0.0,0.0,1.0,0.0,62.444721,65.984205,125.625
0,83,0,True,False,False,0.0,0.0,0.0,1.0,0.0,45.644718,65.984205,129.275002
0,84,0,True,False,False,0.0,0.0,0.0,1.0,0.0,54.044719,65.984205,70.875
0,85,0,True,False,False,0.0,0.0,0.0,1.0,0.0,71.019722,65.984205,154.824997
0,86,0,True,False,False,0.0,0.0,0.0,1.0,0.0,37.069717,72.784206,45.325001
0,87,0,True,False,False,0.0,0.0,0.0,1.0,0.0,45.644718,72.784207,154.824997
0,88,0,True,False,False,0.0,0.0,0.0,1.0,0.0,62.444721,72.784206,27.075
0,89,0,True,False,False,0.0,0.0,0.0,1.0,0.0,71.019722,72.784206,67.225002
0,90,0,True,False,False,0.0,0.0,0.0,1.0,0.0,62.444721,65.984205,118.325001
0,91,0,True,False,False,0.0,0.0,0.0,1.0,0.0,45.644718,65.984205,27.075
0,92,0,True,False,False,0.0,0.0,0.0,1.0,0.0,45.644718,72.784206,56.274999
0,93,0,True,False,False,0.0,0.0,0.0,1.0,0.0,72.41972,81.359203,81.825001
0,94,0,True,False,False,0.0,0.0,0.0,1.0,0.0,72.41972,81.359203,125.625
0,95,0,True,False,False,0.0,0.0,0.0,1.0,0.0,62.444721,72.784207,12.475
0,96,0,True,False,False,0.0,0.0,0.0,1.0,0.0,45.644718,72.784207,103.725003
0,97,0,True,False,False,0.0,0.0,0.0,1.0,0.0,71.019722,65.984205,56.274999
0,98,0,True,False,False,1.0,0.0,0.0,0.0,0.0,79.769722,91.359204,-0.739751
0,99,0,True,False,False,0.0,0.0,0.0,1.0,0.0,35.669718,81.359203,129.275002
0,100,0,True,False,False,0.0,0.0,0.0,1.0,0.0,37.069717,65.984205,45.325001
0,101,0,True,False,False,0.0,0.0,0.0,1.0,0.0,54.04472,72.784207,78.174999
0,102,0,True,False,False,0.0,0.0,0.0,1.0,0.0,45.644718,72.784206,78.174999
0,103,0,True,False,False,0.0,0.0,0.0,1.0,0.0,62.444721,72.784206,92.774997
0,104,0,True,False,False,0.0,0.0,0.0,1.0,0.0,45.644718,72.784206,34.375
0,105,0,True,False,False,0.0,0.0,0.0,1.0,0.0,71.019722,72.784206,143.875
0,106,0,True,False,False,0.0,0.0,0.0,1.0,0.0,37.069717,65.984205,16.125
0,107,0,True,False,False,0.0,0.0,0.0,1.0,0.0,54.04472,72.784206,143.875
0,108,0,True,False,False,0.0,0.0,0.0,1.0,0.0,62.444721,72.784206,100.075001
0,109,0,True,False,False,0.0,0.0,0.0,1.0,0.0,45.644718,65.984205,147.525002
0,110,0,True,False,False,0.0,0.0,0.0,1.0,0.0,37.069717,65.984205,147.525001
0,111,0,True,False,False,0.0,0.0,0.0,1.0,0.0,37.069717,72.784206,34.375
0,112,0,True,False,False,0.0,0.0,0.0,1.0,0.0,45.644718,65.984205,81.825001
0,113,0,True,False,False,0.0,0.0,0.0,1.0,0.0,71.019722,72.784207,8.5
0,114,0,True,False,False,0.0,0.0,0.0,1.0,0.0,37.069717,72.784206,27.075
0,115,0,True,False,False,0.0,0.0,0.0,1.0,0.0,62.444721,65.984205,74.524997
0,116,0,True,False,False,0.0,0.0,0.0,1.0,0.0,45.644718,65.984205,118.325001
0,117,0,True,False,False,0.0,0.0,0.0,1.0,0.0,62.444721,65.984205,81.825001
0,118,0,True,False,False,0.0,0.0,0.0,1.0,0.0,71.019722,65.984205,92.774997
0,119,0,True,False,False,0.0,0.0,0.0,1.0,0.0,37.069717,65.984205,78.174999
0,120,0,True,False,False,0.0,0.0,0.0,1.0,0.0,62.444721,72.784207,151.175003
0,121,0,True,False,False,0.0,0.0,0.0,1.0,0.0,37.069717,72.784206,143.875
0,122,0,True,False,False,0.0,0.0,0.0,1.0,0.0,71.019722,72.784207,27.075
0,123,0,True,False,False,0.0,0.0,0.0,1.0,0.0,71.019722,72.784206,114.674999
0,124,0,True,False,False,0.0,0.0,0.0,1.0,0.0,45.644718,65.984205,132.925003
0,125,0,True,False,False,0.0,0.0,0.0,1.0,0.0,37.069717,65.984205,140.224998
0,126,0,True,False,False,0.0,0.0,0.0,1.0,0.0,54.044719,72.784206,118.325001
0,127,0,True,False,False,0.0,1.0,0.0,0.0,0.0,66.644718,70.359204,3.175
0,128,0,True,False,False,0.0,0.0,0.0,1.0,0.0,72.41972,81.359203,132.925003
0,129,0,True,False,False,0.0,0.0,0.0,1.0,0.0,37.069717,72.784206,59.924999
0,130,0,True,False,False,0.0,0.0,0.0,1.0,0.0,71.019722,72.784206,52.625
0,131,0,True,False,False,0.0,0.0,0.0,1.0,0.0,54.044719,65.984205,96.424999
0,132,0,True,False,False,0.0,0.0,0.0,1.0,0.0,71.019722,65.984205,59.924999
0,133,0,True,False,False,0.0,0.0,0.0,1.0,0.0,45.644718,72.784206,38.024999
0,134,0,True,False,False,0.0,0.0,0.0,1.0,0.0,72.41972,81.359204,78.174999
0,135,0,True,False,False,0.0,0.0,0.0,1.0,0.0,35.669718,81.359204,118.325001
0,136,0,True,False,False,0.0,0.0,0.0,1.0,0.0,45.644718,72.784206,70.875
0,137,0,True,False,False,0.0,0.0,0.0,1.0,0.0,71.019722,72.784206,154.824997
0,138,0,True,False,False,0.0,0.0,0.0,1.0,0.0,37.069717,65.984205,41.674999
0,139,0,True,False,False,0.0,0.0,0.0,1.0,0.0,71.019722,65.984205,136.574997
0,140,0,True,False,False,0.0,0.0,0.0,1.0,0.0,62.444721,72.784206,19.775001
0,141,0,True,False,False,0.0,0.0,0.0,1.0,0.0,54.044719,65.984205,19.775001
0,142,0,True,False,False,0.0,0.0,0.0,1.0,0.0,62.444721,72.784206,85.475002
0,143,0,True,False,False,0.0,0.0,0.0,1.0,0.0,72.419719,81.359203,151.175003
0,144,0,True,False,False,0.0,0.0,0.0,1.0,0.0,35.669717,81.359203,103.725003
0,145,0,True,False,False,0.0,0.0,0.0,1.0,0.0,72.41972,81.359204,147.525002
0,146,0,True,False,False,0.0,0.0,0.0,1.0,0.0,54.044719,72.784207,74.524997
0,147,0,True,False,False,0.0,0.0,0.0,1.0,0.0,62.444721,72.784206,121.975003
0,148,0,True,False,False,0.0,0.0,0.0,1.0,0.0,35.669717,81.359204,38.025
0,149,0,True,False,False,0.0,0.0,0.0,1.0,0.0,45.644718,72.784206,92.774997
0,150,0,True,False,False,0.0,0.0,0.0,1.0,0.0,71.019722,65.984205,111.024998
0,151,0,True,False,False,0.0,0.0,0.0,1.0,0.0,37.069717,72.784206,96.424999
0,152,0,True,False,False,1.0,0.0,0.0,0.0,0.0,62.444721,57.234203,-0.739751
0,153,0,True,False,False,0.0,0.0,0.0,1.0,0.0,71.019722,65.984205,143.875
0,154,0,True,False,False,0.0,0.0,0.0,1.0,0.0,62.444721,65.984205,136.574997
0,155,0,True,False,False,0.0,0.0,0.0,1.0,0.0,37.069717,72.784206,38.024999
0,156,0,True,False,False,1.0,0.0,0.0,0.0,0.0,54.044719,91.359203,-0.739751
0,157,0,True,False,False,0.0,0.0,0.0,1.0,0.0,54.04472,72.784206,96.424999
0,158,0,True,False,False,0.0,0.0,0.0,1.0,0.0,37.069717,65.984205,59.924999
0,159,0,True,False,False,0.0,0.0,0.0,1.0,0.0,45.644718,65.984205,8.5
0,160,0,True,False,False,0.0,0.0,0.0,1.0,0.0,45.644718,65.984205,151.175003
0,161,0,True,False,False,0.0,0.0,0.0,1.0,0.0,54.044719,65.984205,81.825001
0,162,0,True,False,False,0.0,0.0,0.0,1.0,0.0,71.019722,72.784206,74.524997
0,163,0,True,False,False,0.0,0.0,0.0,1.0,0.0,72.41972,81.359203,154.824997
0,164,0,True,False,False,0.0,0.0,0.0,1.0,0.0,71.019722,65.984205,12.475
0,165,0,True,False,False,0.0,0.0,0.0,1.0,0.0,35.669718,81.359203,132.925003
0,166,0,True,False,False,0.0,0.0,0.0,1.0,0.0,37.069717,65.984205,107.375
0,167,0,True,False,False,0.0,0.0,0.0,1.0,0.0,71.019722,72.784207,38.025
0,168,0,True,False,False,1.0,0.0,0.0,0.0,0.0,28.319718,74.559204,-0.739751
0,169,0,True,False,False,1.0,0.0,0.0,0.0,0.0,71.019722,74.559204,-0.739751
0,170,0,True,False,False,0.0,0.0,0.0,1.0,0.0,35.669717,81.359204,92.774997
0,171,0,True,False,False,0.0,0.0,0.0,1.0,0.0,72.41972,81.359204,59.924999
0,172,0,True,False,False,0.0,0.0,0.0,1.0,0.0,54.04472,65.984205,114.674999
0,173,0,True,False,False,0.0,0.0,0.0,1.0,0.0,54.044719,72.784207,103.725003
0,174,0,True,False,False,0.0,1.0,0.0,0.0,0.0,33.044717,87.159202,3.175
0,175,0,True,False,False,1.0,0.0,0.0,0.0,0.0,79.769722,82.959202,-0.739751
0,176,0,True,False,False,0.0,0.0,0.0,1.0,0.0,37.069717,65.984205,136.574997
0,177,0,True,False,False,0.0,0.0,0.0,1.0,0.0,45.644718,72.784206,118.325001
0,178,0,True,False,False,0.0,0.0,0.0,1.0,0.0,37.069717,72.784206,140.224998
0,179,0,True,False,False,0.0,0.0,0.0,0.0,1.0,41.444719,81.359952,78.496677
0,180,0,True,False,False,0.0,1.0,0.0,0.0,0.0,49.844718,61.959204,3.175
0,181,0,True,False,False,1.0,0.0,0.0,0.0,0.0,37.069717,65.984205,-0.739751
0,182,0,True,False,False,0.0,0.0,0.0,1.0,0.0,62.444721,65.984205,111.024997
0,183,0,True,False,False,0.0,0.0,0.0,1.0,0.0,62.444721,65.984205,23.425
0,184,0,True,False,False,0.0,0.0,0.0,1.0,0.0,37.069717,72.784206,12.475
0,185,0,True,False,False,0.0,0.0,0.0,1.0,0.0,62.444721,65.984205,121.975002
0,186,0,True,False,False,0.0,0.0,0.0,1.0,0.0,72.419719,81.359203,70.875
0,187,0,True,False,False,0.0,0.0,0.0,1.0,0.0,72.419719,81.359204,63.575001
0,188,0,True,False,False,0.0,0.0,0.0,1.0,0.0,72.419719,81.359203,27.075
0,189,0,True,False,False,0.0,0.0,0.0,1.0,0.0,37.069717,65.984205,96.424999
0,190,0,True,False,False,0.0,0.0,0.0,0.0,1.0,66.644718,81.359952,78.496678
0,191,0,True,False,False,0.0,0.0,0.0,1.0,0.0,71.019722,72.784206,59.924999
0,192,0,True,False,False,0.0,0.0,0.0,1.0,0.0,54.04472,65.984205,41.674999
0,193,0,True,False,False,0.0,0.0,0.0,1.0,0.0,62.444721,65.984205,92.774997
0,194,0,True,False,False,0.0,0.0,0.0,1.0,0.0,35.669717,81.359203,121.975002
0,195,0,True,False,False,0.0,0.0,0.0,1.0,0.0,37.069717,65.984205,67.225002
0,196,0,True,False,False,0.0,0.0,0.0,1.0,0.0,71.019722,65.984205,67.225003
0,197,0,True,False,False,0.0,0.0,0.0,1.0,0.0,45.644718,65.984205,23.425
0,198,0,True,False,False,0.0,0.0,0.0,1.0,0.0,54.044719,65.984205,48.975001
0,199,0,True,False,False,0.0,0.0,0.0,1.0,0.0,54.04472,72.784206,114.674999
0,200,0,True,False,False,0.0,0.0,0.0,1.0,0.0,37.069717,72.784206,8.5
0,201,0,True,False,False,0.0,0.0,0.0,1.0,0.0,62.444721,65.984205,38.024999
0,202,0,True,False,False,0.0,0.0,0.0,1.0,0.0,62.444721,72.784207,59.924999
0,203,0,True,False,False,0.0,0.0,0.0,1.0,0.0,71.019722,72.784206,16.125
0,204,0,True,False,False,0.0,0.0,0.0,1.0,0.0,37.069717,72.784206,147.525002
0,205,0,True,False,False,0.0,0.0,0.0,1.0,0.0,62.444721,72.784206,30.725
0,206,0,True,False,False,0.0,0.0,0.0,1.0,0.0,54.044719,72.784206,38.024999
0,207,0,True,False,False,0.0,0.0,0.0,1.0,0.0,62.444721,65.984205,16.125
0,208,0,True,False,False,0.0,0.0,0.0,1.0,0.0,37.069717,65.984205,23.425
0,209,0,True,False,False,0.0,1.0,0.0,0.0,0.0,41.444719,61.959204,3.175
0,210,0,True,False,False,0.0,0.0,0.0,1.0,0.0,37.069717,65.984205,70.875
0,211,0,True,False,False,0.0,0.0,0.0,1.0,0.0,71.019722,72.784206,78.174999
0,212,0,True,False,False,0.0,0.0,0.0,1.0,0.0,37.069717,65.984205,48.975001
0,213,0,True,False,False,0.0,0.0,0.0,1.0,0.0,37.069717,72.784206,100.075001
0,214,0,True,False,False,0.0,0.0,0.0,1.0,0.0,71.019722,65.984205,16.125001
0,215,0,True,False,False,0.0,1.0,0.0,0.0,0.0,66.644718,78.759205,3.175
0,216,0,True,False,False,0.0,0.0,0.0,1.0,0.0,37.069717,65.984205,74.524997
0,217,0,True,False,False,0.0,0.0,0.0,1.0,0.0,71.019722,72.784206,129.275002
0,218,0,True,False,False,0.0,0.0,0.0,1.0,0.0,71.019722,65.984205,103.725002
0,219,0,True,False,False,0.0,0.0,0.0,1.0,0.0,71.019722,65.984205,89.125
0,220,0,True,False,False,0.0,0.0,0.0,1.0,0.0,45.644718,65.984205,19.775
0,221,0,True,False,False,1.0,0.0,0.0,0.0,0.0,71.019722,91.359204,-0.739751
0,222,0,True,False,False,0.0,0.0,0.0,1.0,0.0,54.04472,65.984205,52.625
0,223,0,True,False,False,0.0,0.0,0.0,1.0,0.0,45.644718,65.984205,107.375
0,224,0,True,False,False,0.0,0.0,0.0,1.0,0.0,37.069717,72.784207,129.275001
0,225,0,True,False,False,0.0,0.0,0.0,1.0,0.0,72.41972,81.359203,85.475003
0,226,0,True,False,False,0.0,0.0,0.0,1.0,0.0,45.644718,72.784207,67.225003
0,227,0,True,False,False,0.0,0.0,0.0,1.0,0.0,62.444721,72.784206,52.625
0,228,0,True,False,False,0.0,0.0,0.0,1.0,0.0,37.069717,65.984205,38.024999
0,229,0,True,False,False,0.0,0.0,0.0,1.0,0.0,71.019722,65.984205,114.674999
0,230,0,True,False,False,1.0,0.0,0.0,0.0,0.0,37.069717,57.234203,-0.739751
0,231,0,True,False,False,1.0,0.0,0.0,0.0,0.0,28.319718,57.234203,-0.739751
0,232,0,True,False,False,0.0,0.0,0.0,1.0,0.0,54.044719,65.984205,125.625
0,233,0,True,False,False,0.0,0.0,0.0,1.0,0.0,45.644718,65.984205,59.924999
0,234,0,True,False,False,0.0,0.0,0.0,1.0,0.0,71.019722,65.984205,100.075001
0,235,0,True,False,False,0.0,0.0,0.0,1.0,0.0,62.444721,72.784206,140.224999
0,236,0,True,False,False,0.0,0.0,0.0,1.0,0.0,72.419719,81.359204,16.125
0,237,0,True,False,False,0.0,0.0,0.0,0.0,1.0,54.044718,81.359204,78.474999
0,238,0,True,False,False,0.0,0.0,0.0,1.0,0.0,37.069717,72.784206,154.824997
0,239,0,True,False,False,0.0,0.0,0.0,1.0,0.0,62.444721,65.984205,52.625
0,240,0,True,False,False,0.0,0.0,0.0,1.0,0.0,54.04472,65.984205,92.774997
0,241,0,True,False,False,0.0,0.0,0.0,1.0,0.0,62.444721,65.984205,107.375
0,242,0,True,False,False,0.0,0.0,0.0,1.0,0.0,35.669717,81.359203,107.375
0,243,0,True,False,False,0.0,0.0,0.0,1.0,0.0,54.044719,65.984205,16.125
0,244,0,True,False,False,0.0,0.0,0.0,1.0,0.0,62.444721,65.984205,132.925003
0,245,0,True,False,False,0.0,0.0,0.0,1.0,0.0,45.644718,65.984205,140.224999
0,246,0,True,False,False,0.0,0.0,0.0,1.0,0.0,45.644718,65.984205,78.174999
0,247,0,True,False,False,0.0,1.0,0.0,0.0,0.0,75.044719,87.159202,3.175
0,248,0,True,False,False,0.0,0.0,0.0,1.0,0.0,62.444721,65.984205,67.225003
0,249,0,True,False,False,0.0,0.0,0.0,1.0,0.0,37.069717,72.784206,52.625
0,250,0,True,False,False,0.0,0.0,0.0,1.0,0.0,54.04472,65.984205,129.275002
0,251,0,True,False,False,0.0,0.0,0.0,1.0,0.0,37.069717,65.984205,8.5
0,252,0,True,False,False,0.0,1.0,0.0,0.0,0.0,75.044719,78.759205,3.175
0,253,0,True,False,False,0.0,0.0,0.0,1.0,0.0,35.669717,81.359203,85.475002
0,254,0,True,False,False,0.0,0.0,0.0,1.0,0.0,62.444721,72.784207,132.925003
0,255,0,True,False,False,0.0,0.0,0.0,1.0,0.0,35.669717,81.359204,100.075001
0,256,0,True,False,False,0.0,0.0,0.0,1.0,0.0,62.444721,72.784206,45.325001
0,257,0,True,False,False,0.0,0.0,0.0,1.0,0.0,62.444721,65.984205,89.125
0,258,0,True,False,False,1.0,0.0,0.0,0.0,0.0,62.444721,65.984205,-0.739751
0,259,0,True,False,False,0.0,0.0,0.0,1.0,0.0,37.069717,65.984205,151.175003
0,260,0,True,False,False,0.0,0.0,0.0,1.0,0.0,37.069717,65.984205,103.725003
0,261,0,True,False,False,0.0,0.0,0.0,1.0,0.0,72.419719,81.359203,19.775001
0,262,0,True,False,False,0.0,0.0,0.0,1.0,0.0,54.044719,72.784206,151.175003
0,263,0,True,False,False,0.0,0.0,0.0,1.0,0.0,54.044719,65.984205,140.224999
0,264,0,True,False,False,0.0,0.0,0.0,1.0,0.0,54.044719,65.984205,23.425
0,265,0,True,False,False,0.0,0.0,0.0,1.0,0.0,35.669717,81.359203,81.825001
0,266,0,True,False,False,0.0,0.0,0.0,1.0,0.0,62.444721,72.784206,74.524998
0,267,0,True,False,False,0.0,0.0,0.0,1.0,0.0,54.044719,72.784206,23.425
0,268,0,True,False,False,0.0,0.0,0.0,1.0,0.0,54.044719,72.784206,92.774997
0,269,0,True,False,False,0.0,0.0,0.0,1.0,0.0,54.044719,65.984205,136.574997
0,270,0,True,False,False,0.0,0.0,0.0,1.0,0.0,62.444721,72.784207,147.525002
0,271,0,True,False,False,0.0,0.0,0.0,1.0,0.0,54.04472,65.984205,27.075
0,272,0,True,False,False,0.0,0.0,0.0,1.0,0.0,35.669718,81.359204,27.075
0,273,0,True,False,False,1.0,0.0,0.0,0.0,0.0,45.644718,91.359203,-0.739751
0,274,0,True,False,False,0.0,0.0,0.0,1.0,0.0,35.669718,81.359204,56.274999
0,275,0,True,False,False,0.0,0.0,0.0,1.0,0.0,37.069717,72.784206,81.825001
0,276,0,True,False,False,0.0,0.0,0.0,1.0,0.0,54.044719,65.984205,63.575001
0,277,0,True,False,False,0.0,0.0,0.0,1.0,0.0,54.044719,72.784206,48.975
0,278,0,True,False,False,1.0,0.0,0.0,0.0,0.0,79.769722,57.234203,-0.739751
0,279,0,True,False,False,0.0,0.0,0.0,1.0,0.0,62.444721,72.784206,38.024999
0,280,0,True,False,False,0.0,0.0,0.0,1.0,0.0,62.444721,65.984205,63.575001
0,281,0,True,False,False,0.0,0.0,0.0,1.0,0.0,45.644718,65.984205,125.625
0,282,0,True,False,False,0.0,1.0,0.0,0.0,0.0,75.044719,61.959203,3.175
0,283,0,True,False,False,0.0,0.0,0.0,1.0,0.0,62.444721,72.784206,103.725002
0,284,0,True,False,False,0.0,0.0,0.0,1.0,0.0,62.444721,72.784207,129.275002
0,285,0,True,False,False,0.0,0.0,0.0,1.0,0.0,54.044719,65.984205,132.925003
0,286,0,True,False,False,0.0,0.0,0.0,1.0,0.0,54.044719,72.784206,125.625
0,287,0,True,False,False,0.0,0.0,0.0,1.0,0.0,45.644718,72.784206,140.224999
0,288,0,True,False,False,0.0,0.0,0.0,1.0,0.0,72.419719,81.359203,38.024999
0,289,0,True,False,False,0.0,0.0,0.0,1.0,0.0,71.019722,65.984205,96.424999
0,290,0,True,False,False,0.0,0.0,0.0,1.0,0.0,54.044719,72.784206,107.375
0,291,0,True,False,False,1.0,0.0,0.0,0.0,0.0,71.019722,57.234203,-0.739751
0,292,0,True,False,False,0.0,0.0,0.0,1.0,0.0,54.04472,72.784207,67.225003
0,293,0,True,False,False,0.0,0.0,0.0,1.0,0.0,37.069717,72.784206,114.674999
0,294,0,True,False,False,0.0,0.0,0.0,1.0,0.0,35.669718,81.359203,16.125
0,295,0,True,False,False,0.0,0.0,0.0,1.0,0.0,45.644718,72.784207,19.775001
0,296,0,True,False,False,0.0,0.0,0.0,1.0,0.0,37.069717,65.984205,111.024998
0,297,0,True,False,False,0.0,0.0,0.0,1.0,0.0,62.444721,65.984205,45.325001
0,298,0,True,False,False,0.0,0.0,0.0,1.0,0.0,71.019722,65.984205,34.375
0,299,0,True,False,False,0.0,0.0,0.0,0.0,1.0,58.244718,81.359952,78.496677
0,300,0,True,False,False,1.0,0.0,0.0,0.0,0.0,54.044719,74.559204,-0.739751
0,301,0,True,False,False,0.0,0.0,0.0,1.0,0.0,45.644718,65.984205,92.774997
0,302,0,True,False,False,0.0,0.0,0.0,1.0,0.0,71.019722,72.784206,103.725002
0,303,0,True,False,False,1.0,0.0,0.0,0.0,0.0,62.444721,82.959202,-0.739751
0,304,0,True,False,False,0.0,0.0,0.0,1.0,0.0,71.019722,65.984205,41.674999
0,305,0,True,False,False,0.0,0.0,0.0,1.0,0.0,37.069717,65.984205,154.824997
0,306,0,True,False,False,0.0,0.0,0.0,1.0,0.0,71.019722,72.784206,19.775001
0,307,0,True,False,False,0.0,0.0,0.0,1.0,0.0,62.444721,72.784207,96.424999
0,308,0,True,False,False,0.0,0.0,0.0,1.0,0.0,45.644718,72.784206,16.125
0,309,0,True,False,False,0.0,0.0,0.0,1.0,0.0,35.669717,81.359203,114.674999
0,310,0,True,False,False,0.0,0.0,0.0,1.0,0.0,71.019722,65.984205,121.975003
0,311,0,True,False,False,0.0,0.0,0.0,1.0,0.0,35.669717,81.359203,74.524997
0,312,0,True,False,False,1.0,0.0,0.0,0.0,0.0,28.319718,82.959202,-0.739751
0,313,0,True,False,False,0.0,0.0,0.0,1.0,0.0,54.044719,65.984205,85.475003
0,314,0,True,False,False,0.0,0.0,0.0,1.0,0.0,45.644718,65.984205,103.725003
0,315,0,True,False,False,1.0,0.0,0.0,0.0,0.0,45.644718,74.559204,-0.739751
0,316,0,True,False,False,0.0,0.0,0.0,1.0,0.0,71.019722,72.784206,81.825001
0,317,0,True,False,False,0.0,0.0,0.0,1.0,0.0,54.04472,72.784206,59.924999
0,318,0,True,False,False,0.0,0.0,0.0,1.0,0.0,37.069717,65.984205,89.125
0,319,0,True,False,False,0.0,0.0,0.0,1.0,0.0,37.069717,72.784206,56.274999
0,320,0,True,False,False,0.0,1.0,0.0,0.0,0.0,49.844718,78.759205,3.175
0,321,0,True,False,False,0.0,0.0,0.0,1.0,0.0,37.069717,72.784206,136.574997
0,322,0,True,False,False,0.0,0.0,0.0,1.0,0.0,62.444721,65.984205,59.924999
0,323,0,True,False,False,0.0,0.0,0.0,1.0,0.0,72.419719,81.359203,23.425
0,324,0,True,False,False,0.0,0.0,0.0,1.0,0.0,71.019722,65.984205,118.325001
0,325,0,True,False,False,0.0,1.0,0.0,0.0,0.0,41.444719,78.759205,3.175
0,326,0,True,False,False,0.0,0.0,0.0,1.0,0.0,72.41972,81.359203,30.724999
0,327,0,True,False,False,0.0,0.0,0.0,1.0,0.0,71.019722,65.984205,78.174999
0,328,0,True,False,False,1.0,0.0,0.0,0.0,0.0,71.019722,65.984205,-0.739751
0,329,0,True,False,False,0.0,0.0,0.0,1.0,0.0,45.644718,72.784206,111.024997
0,330,0,True,False,False,0.0,0.0,0.0,1.0,0.0,45.644718,72.784206,96.424999
0,331,0,True,False,False,0.0,0.0,0.0,1.0,0.0,71.019722,65.984205,23.425
0,332,0,True,False,False,0.0,0.0,0.0,1.0,0.0,62.444721,72.784206,63.575001
0,333,0,True,False,False,0.0,0.0,0.0,1.0,0.0,54.044719,65.984205,34.375
0,334,0,True,False,False,0.0,0.0,0.0,1.0,0.0,71.019722,72.784206,48.975001
0,335,0,True,False,False,0.0,0.0,0.0,1.0,0.0,45.644718,72.784206,48.975001
0,336,0,True,False,False,0.0,0.0,0.0,1.0,0.0,37.069717,72.784206,125.625
0,337,0,True,False,False,0.0,0.0,0.0,1.0,0.0,62.444721,72.784206,78.174999
0,338,0,True,False,False,0.0,0.0,0.0,1.0,0.0,71.019722,72.784207,12.475
0,339,0,True,False,False,0.0,0.0,0.0,1.0,0.0,54.044719,72.784206,136.574997
0,340,0,True,False,False,0.0,0.0,0.0,1.0,0.0,62.444721,72.784206,23.425
0,341,0,True,False,False,0.0,0.0,0.0,1.0,0.0,45.644718,72.784206,45.325001
0,342,0,True,False,False,0.0,0.0,0.0,1.0,0.0,45.644718,72.784206,100.075001
0,343,0,True,False,False,0.0,0.0,0.0,1.0,0.0,45.644718,72.784206,41.674999
0,344,0,True,False,False,0.0,0.0,0.0,1.0,0.0,54.044719,72.784206,154.824997
0,345,0,True,False,False,0.0,0.0,0.0,1.0,0.0,62.444721,72.784206,34.375
0,346,0,True,False,False,0.0,0.0,0.0,1.0,0.0,72.419719,81.359203,121.975002
0,347,0,True,False,False,0.0,0.0,0.0,1.0,0.0,35.669717,81.359203,140.224999
0,348,0,True,False,False,0.0,0.0,0.0,1.0,0.0,72.41972,81.359203,118.325001
0,349,0,True,False,False,0.0,0.0,0.0,1.0,0.0,54.044719,65.984205,30.725
0,350,0,True,False,False,0.0,0.0,0.0,1.0,0.0,37.069717,65.984205,12.475
0,351,0,True,False,False,0.0,0.0,0.0,1.0,0.0,45.644718,72.784206,89.125
0,352,0,True,False,False,0.0,0.0,0.0,1.0,0.0,71.019722,72.784206,125.625
0,353,0,True,False,False,0.0,0.0,0.0,1.0,0.0,54.044719,65.984205,74.524997
0,354,0,True,False,False,0.0,0.0,0.0,1.0,0.0,72.41972,81.359203,67.225003
0,355,0,True,False,False,0.0,0.0,0.0,1.0,0.0,45.644718,65.984205,12.475
0,356,0,True,False,False,0.0,0.0,0.0,1.0,0.0,54.044719,72.784206,52.625
0,357,0,True,False,False,0.0,0.0,0.0,1.0,0.0,72.41972,81.359203,92.774997
0,358,0,True,False,False,0.0,1.0,0.0,0.0,0.0,33.044717,78.759205,3.175
0,359,0,True,False,False,0.0,0.0,0.0,1.0,0.0,54.044719,72.784207,41.674999
0,360,0,True,False,False,0.0,0.0,0.0,1.0,0.0,54.044719,72.784206,30.724999
0,361,0,True,False,False,0.0,0.0,0.0,1.0,0.0,72.419719,81.359203,129.275002
0,362,0,True,False,False,0.0,0.0,0.0,1.0,0.0,45.644718,65.984205,114.674999
0,363,0,True,False,False,1.0,0.0,0.0,0.0,0.0,45.644718,57.234203,-0.739751
0,364,0,True,False,False,0.0,0.0,0.0,1.0,0.0,62.444721,65.984205,34.375
0,365,0,True,False,False,0.0,0.0,0.0,1.0,0.0,62.444721,65.984205,140.224999
0,366,0,True,False,False,0.0,0.0,0.0,1.0,0.0,54.044719,65.984205,118.325001
0,367,0,True,False,False,0.0,0.0,0.0,1.0,0.0,45.644718,72.784206,132.925003
0,368,0,True,False,False,0.0,0.0,0.0,1.0,0.0,45.644718,65.984205,38.024999
0,369,0,True,False,False,0.0,0.0,0.0,1.0,0.0,71.019722,72.784206,107.375
0,370,0,True,False,False,0.0,0.0,0.0,1.0,0.0,37.069717,72.784207,23.425
0,371,0,True,False,False,0.0,0.0,0.0,1.0,0.0,62.444721,72.784206,118.325001
0,372,0,True,False,False,0.0,0.0,0.0,1.0,0.0,54.044719,72.784206,19.775001
0,373,0,True,False,False,0.0,0.0,0.0,1.0,0.0,62.444721,65.984205,70.875
0,374,0,True,False,False,0.0,0.0,0.0,1.0,0.0,45.644718,65.984205,63.575001
0,375,0,True,False,False,0.0,1.0,0.0,0.0,0.0,66.644718,61.959204,3.175
0,376,0,True,False,False,0.0,0.0,0.0,1.0,0.0,62.444721,65.984205,78.174999
0,377,0,True,False,False,0.0,0.0,0.0,1.0,0.0,35.669717,81.359204,19.775
0,378,0,True,False,False,0.0,0.0,0.0,1.0,0.0,71.019722,72.784207,23.425
0,379,0,True,False,False,0.0,1.0,0.0,0.0,0.0,33.044717,70.359203,3.175
0,380,0,True,False,False,0.0,0.0,0.0,1.0,0.0,71.019722,65.984205,85.475003
0,381,0,True,False,False,0.0,0.0,0.0,1.0,0.0,54.044719,72.784206,63.575001
0,382,0,True,False,False,0.0,0.0,0.0,1.0,0.0,62.444721,72.784207,143.875
0,383,0,True,False,False,0.0,0.0,0.0,1.0,0.0,37.069717,72.784206,78.174999
0,384,0,True,False,False,0.0,0.0,0.0,1.0,0.0,37.069717,72.784206,63.575001
0,385,0,True,False,False,0.0,0.0,0.0,1.0,0.0,35.669718,81.359203,70.875
0,386,0,True,False,False,0.0,0.0,0.0,1.0,0.0,37.069717,72.784206,92.774997
0,387,0,True,False,False,0.0,0.0,0.0,1.0,0.0,45.644718,65.984205,96.424999
0,388,0,True,False,False,0.0,0.0,0.0,1.0,0.0,37.069717,72.784206,89.125
0,389,0,True,False,False,0.0,0.0,0.0,1.0,0.0,45.644718,65.984205,70.875
0,390,0,True,False,False,0.0,0.0,0.0,1.0,0.0,37.069717,65.984205,92.774997
0,391,0,True,False,False,0.0,0.0,0.0,1.0,0.0,54.04472,65.984205,8.5
0,392,0,True,False,False,0.0,0.0,0.0,1.0,0.0,71.019722,65.984205,140.224998
0,393,0,True,False,False,0.0,0.0,0.0,1.0,0.0,37.069717,72.784206,48.975001
0,394,0,True,False,False,0.0,0.0,0.0,1.0,0.0,62.444721,65.984205,96.424999
0,395,0,True,False,False,0.0,0.0,0.0,1.0,0.0,45.644718,72.784206,147.525002
0,396,0,True,False,False,0.0,0.0,0.0,1.0,0.0,72.41972,81.359203,111.024997
0,397,0,True,False,False,0.0,0.0,0.0,1.0,0.0,54.044719,65.984205,154.824997
0,398,0,True,False,False,0.0,0.0,0.0,1.0,0.0,54.044719,72.784206,140.224998
0,399,0,True,False,False,0.0,0.0,0.0,1.0,0.0,45.644718,72.784206,107.375
0,400,0,True,False,False,0.0,0.0,0.0,1.0,0.0,72.41972,81.359204,114.674999
0,401,0,True,False,False,0.0,0.0,0.0,1.0,0.0,71.019722,65.984205,48.975001
0,402,0,True,False,False,0.0,0.0,0.0,1.0,0.0,35.669717,81.359203,23.425
0,403,0,True,False,False,0.0,0.0,0.0,1.0,0.0,62.444721,65.984205,147.525002
0,404,0,True,False,False,0.0,0.0,0.0,1.0,0.0,37.069717,72.784206,103.725003
0,405,0,True,False,False,0.0,0.0,0.0,1.0,0.0,62.444721,65.984205,19.775001
0,406,0,True,False,False,0.0,0.0,0.0,1.0,0.0,37.069717,72.784206,107.375
0,407,0,True,False,False,0.0,0.0,0.0,1.0,0.0,72.41972,81.359203,52.625
0,408,0,True,False,False,0.0,0.0,0.0,1.0,0.0,62.444721,72.784206,41.674999
0,409,0,True,False,False,0.0,0.0,0.0,1.0,0.0,37.069717,72.784206,30.724999
0,410,0,True,False,False,0.0,0.0,0.0,1.0,0.0,71.019722,65.984205,52.625
0,411,0,True,False,False,0.0,0.0,0.0,1.0,0.0,45.644718,65.984205,56.274999
0,412,0,True,False,False,0.0,0.0,0.0,1.0,0.0,71.019722,65.984205,125.625
0,413,0,True,False,False,0.0,0.0,0.0,1.0,0.0,54.044719,72.784206,8.5
0,414,0,True,False,False,0.0,0.0,0.0,1.0,0.0,54.044719,72.784207,85.475003
0,415,0,True,False,False,0.0,1.0,0.0,0.0,0.0,75.04472,70.359204,3.175
0,416,0,True,False,False,0.0,0.0,0.0,1.0,0.0,54.044719,65.984205,147.525002
0,417,0,True,False,False,0.0,1.0,0.0,0.0,0.0,58.244719,70.359203,3.175
0,418,0,True,False,False,0.0,0.0,0.0,1.0,0.0,45.644718,72.784206,12.475
0,419,0,True,False,False,0.0,0.0,0.0,1.0,0.0,35.669717,81.359203,96.424999
0,420,0,True,False,False,0.0,0.0,0.0,1.0,0.0,35.669717,81.359203,8.5
0,421,0,True,False,False,0.0,0.0,0.0,1.0,0.0,37.069717,65.984205,129.275002
0,422,0,True,False,False,0.0,0.0,0.0,1.0,0.0,37.069717,72.784206,41.674999
0,423,0,True,False,False,0.0,0.0,0.0,1.0,0.0,72.41972,81.359203,89.125
0,424,0,True,False,False,0.0,0.0,0.0,1.0,0.0,62.444721,72.784206,154.824997
0,425,0,True,False,False,0.0,0.0,0.0,1.0,0.0,54.044719,65.984205,100.075001
0,426,0,True,False,False,0.0,0.0,0.0,1.0,0.0,45.644718,72.784206,52.625
0,427,0,True,False,False,0.0,0.0,0.0,1.0,0.0,62.444721,65.984205,8.5
0,428,0,True,False,False,0.0,0.0,0.0,1.0,0.0,45.644718,65.984205,74.524998
0,429,0,True,False,False,0.0,0.0,0.0,1.0,0.0,71.019722,65.984205,38.024999
0,430,0,True,False,False,0.0,0.0,0.0,1.0,0.0,71.019722,65.984205,70.875
0,431,0,True,False,False,0.0,0.0,0.0,1.0,0.0,62.444721,72.784207,107.375
0,432,0,True,False,False,0.0,0.0,0.0,1.0,0.0,54.044719,65.984205,107.375
0,433,0,True,False,False,0.0,0.0,0.0,1.0,0.0,71.019722,72.784206,118.325001
0,434,0,True,False,False,0.0,0.0,0.0,1.0,0.0,37.069717,72.784207,16.125001
0,435,0,True,False,False,0.0,0.0,0.0,1.0,0.0,72.419719,81.359203,48.975001
0,436,0,True,False,False,0.0,0.0,0.0,1.0,0.0,45.644718,72.784206,143.875
0,437,0,True,False,False,0.0,0.0,0.0,1.0,0.0,45.644718,65.984205,143.875
0,438,0,True,False,False,0.0,0.0,0.0,1.0,0.0,54.044719,72.784206,100.075001
0,439,0,True,False,False,0.0,0.0,0.0,1.0,0.0,71.019722,72.784207,41.674999
0,440,0,True,False,False,0.0,0.0,0.0,1.0,0.0,54.044719,72.784206,147.525002
0,441,0,True,False,False,0.0,1.0,0.0,0.0,0.0,58.244718,61.959204,3.175
0,442,0,True,False,False,0.0,0.0,0.0,1.0,0.0,45.644718,65.984205,34.375
0,443,0,False,True,False,0.0,0.0,0.0,1.0,0.0,54.04472,65.984205,111.024997
0,444,0,False,True,False,0.0,0.0,0.0,1.0,0.0,71.019722,72.784206,147.525001
0,445,0,False,True,False,0.0,0.0,0.0,1.0,0.0,35.669717,81.359204,154.824997
0,446,0,False,True,False,0.0,0.0,0.0,1.0,0.0,45.644718,65.984205,100.075001
0,447,0,False,True,False,0.0,0.0,0.0,1.0,0.0,71.019722,65.984205,30.724999
0,448,0,False,True,False,0.0,0.0,0.0,1.0,0.0,35.669717,81.359203,67.225002
0,449,0,False,True,False,0.0,0.0,0.0,1.0,0.0,72.419719,81.359203,103.725003
0,450,0,False,True,False,0.0,0.0,0.0,1.0,0.0,62.444721,65.984205,143.875
0,451,0,False,True,False,0.0,0.0,0.0,1.0,0.0,62.444721,65.984205,12.475
0,452,0,False,True,False,0.0,0.0,0.0,1.0,0.0,62.444721,65.984205,48.975
0,453,0,False,True,False,0.0,0.0,0.0,1.0,0.0,62.444721,72.784206,89.125
0,454,0,False,True,False,0.0,0.0,0.0,1.0,0.0,72.419719,81.359204,41.674999
0,455,0,False,True,False,0.0,0.0,0.0,1.0,0.0,37.069717,65.984205,100.075001
0,456,0,False,True,False,0.0,0.0,0.0,1.0,0.0,71.019722,72.784206,132.925003
0,457,0,False,True,False,1.0,0.0,0.0,0.0,0.0,45.644718,65.984205,-0.739751
0,458,0,False,True,False,1.0,0.0,0.0,0.0,0.0,45.644718,82.959202,-0.739751
0,459,0,False,True,False,0.0,0.0,0.0,1.0,0.0,54.04472,72.784206,34.375
0,460,0,False,True,False,0.0,0.0,0.0,1.0,0.0,62.444721,72.784206,111.024998
0,461,0,False,True,False,0.0,0.0,0.0,1.0,0.0,45.644718,72.784206,63.575001
0,462,0,False,True,False,0.0,1.0,0.0,0.0,0.0,33.044717,61.959203,3.175
0,463,0,False,True,False,1.0,0.0,0.0,0.0,0.0,62.444721,74.559204,-0.739751
0,464,0,False,True,False,0.0,0.0,0.0,1.0,0.0,35.669717,81.359203,12.475
0,465,0,False,True,False,0.0,0.0,0.0,0.0,1.0,49.844719,81.359952,78.496677
0,466,0,False,True,False,0.0,0.0,0.0,1.0,0.0,45.644718,65.984205,154.824997
0,467,0,False,True,False,0.0,0.0,0.0,1.0,0.0,72.419719,81.359204,8.5
0,468,0,False,True,False,1.0,0.0,0.0,0.0,0.0,28.319718,91.359203,-0.739751
0,469,0,False,True,False,0.0,0.0,0.0,1.0,0.0,37.069717,65.984205,118.325001
0,470,0,False,True,False,0.0,0.0,0.0,1.0,0.0,72.41972,81.359204,12.475
0,471,0,False,True,False,0.0,0.0,0.0,1.0,0.0,45.644718,72.784206,136.574997
0,472,0,False,True,False,0.0,0.0,0.0,1.0,0.0,45.644718,72.784206,74.524997
0,473,0,False,True,False,0.0,0.0,0.0,1.0,0.0,54.04472,72.784206,70.875
0,474,0,False,True,False,1.0,0.0,0.0,0.0,0.0,37.069717,82.959202,-0.739751
0,475,0,False,True,False,0.0,0.0,0.0,1.0,0.0,54.044719,65.984205,143.875
0,476,0,False,True,False,0.0,0.0,0.0,1.0,0.0,54.044719,72.784206,56.274999
0,477,0,False,True,False,0.0,0.0,0.0,1.0,0.0,54.044719,65.984205,151.175003
0,478,0,False,True,False,0.0,0.0,0.0,1.0,0.0,62.444721,72.784206,16.125
0,479,0,False,True,False,0.0,0.0,0.0,1.0,0.0,62.444721,72.784206,136.574997
0,480,0,False,True,False,0.0,0.0,0.0,1.0,0.0,71.019722,65.984205,63.575001
0,481,0,False,True,False,0.0,0.0,0.0,1.0,0.0,35.669718,81.359203,30.724999
0,482,0,False,True,False,1.0,0.0,0.0,0.0,0.0,79.769722,74.559204,-0.739751
0,483,0,False,True,False,0.0,0.0,0.0,1.0,0.0,37.069717,65.984205,85.475003
0,484,0,False,True,False,0.0,0.0,0.0,1.0,0.0,35.669717,81.359203,45.325001
0,485,0,False,True,False,0.0,0.0,0.0,1.0,0.0,45.644718,65.984205,30.724999
0,486,0,False,True,False,0.0,0.0,0.0,1.0,0.0,45.644718,72.784206,151.175003
0,487,0,False,True,False,0.0,0.0,0.0,1.0,0.0,71.019722,65.984205,132.925003
0,488,0,False,True,False,0.0,0.0,0.0,1.0,0.0,71.019722,72.784206,96.424999
0,489,0,False,True,False,0.0,0.0,0.0,1.0,0.0,37.069717,65.984205,30.724999
0,490,0,False,True,False,0.0,0.0,0.0,1.0,0.0,37.069717,65.984205,63.575001
0,491,0,False,True,False,0.0,0.0,0.0,1.0,0.0,72.41972,81.359203,107.375
0,492,0,False,True,False,0.0,0.0,0.0,1.0,0.0,62.444721,65.984205,30.725
0,493,0,False,True,False,0.0,0.0,0.0,1.0,0.0,45.644718,65.984205,41.674999
0,494,0,False,True,False,0.0,0.0,0.0,1.0,0.0,72.41972,81.359203,96.424999
0,495,0,False,True,False,0.0,0.0,0.0,1.0,0.0,37.069717,72.784206,85.475003
0,496,0,False,True,False,0.0,0.0,0.0,1.0,0.0,71.019722,65.984205,151.175003
0,497,0,False,True,False,0.0,0.0,0.0,1.0,0.0,71.019722,72.784206,30.725
0,498,0,False,False,True,0.0,0.0,0.0,1.0,0.0,35.669717,81.359203,151.175003
0,499,0,False,False,True,0.0,0.0,0.0,1.0,0.0,37.069717,72.784206,19.775001
0,500,0,False,False,True,0.0,0.0,0.0,1.0,0.0,71.019722,72.784207,140.224998
0,501,0,False,False,True,1.0,0.0,0.0,0.0,0.0,62.444721,91.359204,-0.739751
0,502,0,False,False,True,0.0,0.0,0.0,1.0,0.0,37.069717,72.784206,74.524997
0,503,0,False,False,True,1.0,0.0,0.0,0.0,0.0,54.044719,82.959202,-0.739751
0,504,0,False,False,True,0.0,0.0,0.0,1.0,0.0,72.41972,81.359203,136.574997
0,505,0,False,False,True,1.0,0.0,0.0,0.0,0.0,37.069717,91.359204,-0.739751
0,506,0,False,False,True,0.0,0.0,0.0,1.0,0.0,71.019722,65.984205,107.375
0,507,0,False,False,True,0.0,0.0,0.0,1.0,0.0,54.044719,65.984205,12.475
0,508,0,False,False,True,0.0,0.0,0.0,1.0,0.0,71.019722,72.784207,45.325001
0,509,0,False,False,True,0.0,0.0,0.0,1.0,0.0,71.019722,65.984205,74.524997
0,510,0,False,False,True,0.0,0.0,0.0,1.0,0.0,45.644718,65.984205,48.975001
0,511,0,False,False,True,0.0,0.0,0.0,1.0,0.0,35.669717,81.359204,111.024997
0,512,0,False,False,True,0.0,0.0,0.0,1.0,0.0,54.04472,65.984205,78.174999
0,513,0,False,False,True,0.0,0.0,0.0,1.0,0.0,45.644718,72.784206,27.075
0,514,0,False,False,True,0.0,0.0,0.0,1.0,0.0,72.41972,81.359203,100.075001
0,515,0,False,False,True,0.0,0.0,0.0,1.0,0.0,37.069717,65.984205,121.975003
0,516,0,False,False,True,0.0,0.0,0.0,1.0,0.0,71.019722,72.784206,151.175003
0,517,0,False,False,True,0.0,0.0,0.0,1.0,0.0,37.069717,72.784207,67.225003
0,518,0,False,False,True,0.0,0.0,0.0,1.0,0.0,71.019722,72.784206,34.375
0,519,0,False,False,True,0.0,0.0,0.0,1.0,0.0,45.644718,65.984205,89.125
0,520,0,False,False,True,0.0,0.0,0.0,1.0,0.0,71.019722,65.984205,81.825001
0,521,0,False,False,True,0.0,0.0,0.0,1.0,0.0,37.069717,65.984205,56.274999
0,522,0,False,False,True,0.0,0.0,0.0,1.0,0.0,37.069717,65.984205,143.875
0,523,0,False,False,True,0.0,0.0,0.0,1.0,0.0,37.069717,72.784206,132.925003
0,524,0,False,False,True,0.0,0.0,0.0,1.0,0.0,62.444721,65.984205,151.175003
0,525,0,False,False,True,0.0,1.0,0.0,0.0,0.0,58.244718,78.759205,3.175
0,526,0,False,False,True,0.0,0.0,0.0,1.0,0.0,54.04472,72.784207,12.475
0,527,0,False,False,True,0.0,0.0,0.0,1.0,0.0,35.669717,81.359204,48.975001
0,528,0,False,False,True,0.0,0.0,0.0,1.0,0.0,71.019722,72.784206,100.075001
0,529,0,False,False,True,0.0,0.0,0.0,1.0,0.0,71.019722,65.984205,19.775001
0,530,0,False,False,True,1.0,0.0,0.0,0.0,0.0,54.044719,57.234203,-0.739751
0,531,0,False,False,True,0.0,0.0,0.0,1.0,0.0,37.069717,72.784206,121.975002
0,532,0,False,False,True,0.0,0.0,0.0,1.0,0.0,62.444721,65.984205,85.475003
0,533,0,False,False,True,0.0,0.0,0.0,1.0,0.0,35.669717,81.359203,78.174999
0,534,0,False,False,True,0.0,0.0,0.0,1.0,0.0,35.669717,81.359204,59.924999
0,535,0,False,False,True,0.0,0.0,0.0,1.0,0.0,45.644718,65.984205,85.475003
0,536,0,False,False,True,0.0,0.0,0.0,1.0,0.0,54.04472,72.784206,89.125
0,537,0,False,False,True,0.0,0.0,0.0,1.0,0.0,45.644718,72.784206,81.825001
0,538,0,False,False,True,0.0,0.0,0.0,1.0,0.0,54.044719,65.984205,56.274999
0,539,0,False,False,True,0.0,0.0,0.0,1.0,0.0,37.069717,65.984205,81.825001
0,540,0,False,False,True,0.0,0.0,0.0,1.0,0.0,71.019722,65.984205,129.275002
0,541,0,False,False,True,0.0,0.0,0.0,1.0,0.0,71.019722,65.984205,147.525002
0,542,0,False,False,True,0.0,0.0,0.0,1.0,0.0,71.019722,65.984205,27.075
0,543,0,False,False,True,0.0,0.0,0.0,1.0,0.0,37.069717,72.784206,111.024997
0,544,0,False,False,True,0.0,0.0,0.0,1.0,0.0,37.069717,72.784206,151.175003
0,545,0,False,False,True,0.0,0.0,0.0,1.0,0.0,37.069717,65.984205,34.375
0,546,0,False,False,True,0.0,0.0,0.0,1.0,0.0,54.044719,65.984205,45.325001
0,547,0,False,False,True,0.0,0.0,0.0,1.0,0.0,62.444721,65.984205,56.275
0,548,0,False,False,True,0.0,0.0,0.0,1.0,0.0,37.069717,65.984205,52.625
0,549,0,False,False,True,0.0,0.0,0.0,1.0,0.0,45.644718,65.984205,136.574997
0,550,0,False,False,True,0.0,0.0,0.0,1.0,0.0,45.644718,72.784206,85.475002
0,551,0,False,False,True,0.0,0.0,0.0,1.0,0.0,72.41972,81.359204,74.524998
0,552,0,False,False,True,0.0,0.0,0.0,1.0,0.0,45.644718,72.784206,125.625
0,553,0,False,False,True,0.0,0.0,0.0,1.0,0.0,35.669718,81.359203,89.125
